train_id,station_code,seq,arr,dep,class,priority,day_offset,distance_km
12123,CSMT,1,,17:10,EXPRESS,1,0,0
12123,TNA,2,17:45,17:47,EXPRESS,1,0,34
12123,KYN,3,18:08,18:10,EXPRESS,1,0,54
12123,KJT,4,18:50,18:52,EXPRESS,1,0,100
12123,LNL,5,19:42,19:45,EXPRESS,1,0,128
12123,KMST,6,20:02,20:04,EXPRESS,1,0,144
12123,TGN,7,20:18,20:20,EXPRESS,1,0,158
12123,PUNE,8,20:55,,EXPRESS,1,0,192
12124,PUNE,1,,07:15,EXPRESS,1,0,0
12124,TGN,2,07:43,07:45,EXPRESS,1,0,34
12124,KMST,3,07:56,07:58,EXPRESS,1,0,48
12124,LNL,4,08:18,08:20,EXPRESS,1,0,64
12124,KJT,5,09:03,09:05,EXPRESS,1,0,92
12124,KYN,6,09:43,09:45,EXPRESS,1,0,138
12124,TNA,7,10:03,10:05,EXPRESS,1,0,158
12124,CSMT,8,10:40,,EXPRESS,1,0,192
11007,CSMT,1,,07:00,EXPRESS,1,0,0
11007,TNA,2,07:33,07:35,EXPRESS,1,0,34
11007,KYN,3,07:53,07:55,EXPRESS,1,0,54
11007,KJT,4,08:42,08:44,EXPRESS,1,0,100
11007,LNL,5,09:38,09:40,EXPRESS,1,0,128
11007,KMST,6,09:56,09:58,EXPRESS,1,0,144
11007,TGN,7,10:13,10:15,EXPRESS,1,0,158
11007,PUNE,8,11:05,,EXPRESS,1,0,192
12127,CSMT,1,,06:45,EXPRESS,1,0,0
12127,TNA,2,07:17,07:19,EXPRESS,1,0,34
12127,KYN,3,07:38,07:40,EXPRESS,1,0,54
12127,LNL,4,09:08,09:10,EXPRESS,1,0,128
12127,PUNE,5,09:57,,EXPRESS,1,0,192
T101,ST01,1,,16:05,EXPRESS,1,0,0
T101,ST02,2,16:25,16:27,EXPRESS,1,0,15
T101,ST03,3,16:50,16:52,EXPRESS,1,0,33
T101,ST04,4,17:30,,EXPRESS,1,0,63
T102,ST01,1,,16:15,PASSENGER,2,0,0
T102,ST02,2,16:38,16:40,PASSENGER,2,0,15
T102,ST03,3,17:06,17:08,PASSENGER,2,0,33
T103,ST02,1,,16:35,PASSENGER,2,0,15
T103,ST03,2,17:00,17:02,PASSENGER,2,0,33
T104,ST04,1,,16:30,EXPRESS,1,0,0
T104,ST03,2,17:05,17:07,EXPRESS,1,0,30
T104,ST02,3,17:30,17:32,EXPRESS,1,0,48
T104,ST01,4,17:55,,EXPRESS,1,0,63
